Workbook

Sheet Sheet1
A1: Manufacturer | B1: Model | C1: Year | D1: Weight | E1: Top Speed | F1: Range | G1: Acceleration | H1: Efficiency | I1: Price | J1: Country | K1: Region
A2: Polestar | B2: 2 | C2: =_xlfn.XLOOKUP($B2,Sheet2!$B:$B,Sheet2!$C:$C) -> 2020 | D2: 2113 | E2: 210 | F2: 400 | G2: 4.7 | H2: 181 | I2: 56440 | J2: Sweden | K2: Europe
A3: DS | B3: 3 Crossback E-Tense | C3: =_xlfn.XLOOKUP($B3,Sheet2!$B:$B,Sheet2!$C:$C) -> 2019 | D3: 1523 | E3: 150 | F3: 250 | G3: 8.7 | H3: 180 | I3: 37422 | J3: France | K3: Europe
A4: Polestar | B4: 4 | C4: 2023 | D4: 2300 | E4: 200 | F4: 600 | G4: 4.7 | H4: 170 | I4: 60000 | J4: Sweden | K4: Europe
A5: Fiat | B5: 500e Convertible | C5: =_xlfn.XLOOKUP($B5,Sheet2!$B:$B,Sheet2!$C:$C) -> 2020 | D5: 1330 | E5: 150 | F5: 250 | G5: 9 | H5: 168 | I5: 37900 | J5: Italy | K5: Europe
A6: Fiat | B6: 500e Hatchback | C6: =_xlfn.XLOOKUP($B6,Sheet2!$B:$B,Sheet2!$C:$C) -> 2020 | D6: 1330 | E6: 150 | F6: 250 | G6: 9 | H6: 168 | I6: 34900 | J6: Italy | K6: Europe
A7: Lucid | B7: Air | C7: =_xlfn.XLOOKUP($B7,Sheet2!$B:$B,Sheet2!$C:$C) -> 2021 | D7: 2374 | E7: 250 | F7: 610 | G7: 2.8 | H7: 180 | I7: 105000 | J7: USA | K7: America
A8: Opel | B8: Ampera-e | C8: =_xlfn.XLOOKUP($B8,Sheet2!$B:$B,Sheet2!$C:$C) -> 2017 | D8: 1616 | E8: 150 | F8: 335 | G8: 7.3 | H8: 173 | I8: 41906 | J8: Germany | K8: Europe
A9: Nissan | B9: Ariya 63kWh | C9: =_xlfn.XLOOKUP($B9,Sheet2!$B:$B,Sheet2!$C:$C) -> 2021 | D9: 2030 | E9: 160 | F9: 330 | G9: 7.5 | H9: 191 | I9: 45000 | J9: Japan | K9: Asia
A10: Nissan | B10: Ariya 87kWh | C10: =_xlfn.XLOOKUP($B10,Sheet2!$B:$B,Sheet2!$C:$C) -> 2021 | D10: 2121 | E10: 160 | F10: 440 | G10: 7.6 | H10: 198 | I10: 50000 | J10: Japan | K10: Asia
A11: Nissan | B11: Ariya e-4ORCE 63kWh | C11: =_xlfn.XLOOKUP($B11,Sheet2!$B:$B,Sheet2!$C:$C) -> 2021 | D11: 2135 | E11: 200 | F11: 325 | G11: 5.9 | H11: 194 | I11: 50000 | J11: Japan | K11: Asia
A12: Nissan | B12: Ariya e-4ORCE 87kWh | C12: =_xlfn.XLOOKUP($B12,Sheet2!$B:$B,Sheet2!$C:$C) -> 2021 | D12: 2275 | E12: 200 | F12: 420 | G12: 5.7 | H12: 207 | I12: 57500 | J12: Japan | K12: Asia
A13: Nissan | B13: Ariya e-4ORCE 87kWh Performance | C13: =_xlfn.XLOOKUP($B13,Sheet2!$B:$B,Sheet2!$C:$C) -> 2021 | D13: 2275 | E13: 200 | F13: 375 | G13: 5.1 | H13: 232 | I13: 65000 | J13: Japan | K13: Asia
A14: Jeep | B14: Avenger | C14: 2023 | D14: 1500 | E14: 150 | F14: 400 | G14: 9 | H14: 156 | I14: 40000 | J14: USA | K14: America
A15: Chevrolet | B15: Blazer EV | C15: 2023 | D15: 2160 | E15: 190 | F15: 515 | G15: 4 | H15: 200 | I15: 52000 | J15: USA | K15: America
A16: Toyota | B16: bZ4X | C16: 2022 | D16: 1950 | E16: 160 | F16: 500 | G16: 7.7 | H16: 166 | I16: 44000 | J16: Japan | K16: Asia
A17: Skoda | B17: CITIGOe iV | C17: =_xlfn.XLOOKUP($B17,Sheet2!$B:$B,Sheet2!$C:$C) -> 2019 | D17: 1235 | E17: 130 | F17: 195 | G17: 12.3 | H17: 166 | I17: 24534 | J17: Czechia | K17: Europe
A18: Mini | B18: Cooper SE | C18: =_xlfn.XLOOKUP($B18,Sheet2!$B:$B,Sheet2!$C:$C) -> 2020 | D18: 1365 | E18: 150 | F18: 185 | G18: 7.3 | H18: 156 | I18: 31681 | J18: UK | K18: Europe
A19: Opel | B19: Corsa-e | C19: =_xlfn.XLOOKUP($B19,Sheet2!$B:$B,Sheet2!$C:$C) -> 2019 | D19: 1455 | E19: 150 | F19: 275 | G19: 8.1 | H19: 164 | I19: 29146 | J19: Germany | K19: Europe
A20: Tesla | B20: Cybertruck Dual Motor | C20: =_xlfn.XLOOKUP($B20,Sheet2!$B:$B,Sheet2!$C:$C) -> 2024 | D20: 3000 | E20: 190 | F20: 460 | G20: 5 | H20: 261 | I20: 55000 | J20: USA | K20: America
A21: Tesla | B21: Cybertruck Single Motor | C21: =_xlfn.XLOOKUP($B21,Sheet2!$B:$B,Sheet2!$C:$C) -> 2024 | D21: 3000 | E21: 180 | F21: 390 | G21: 7 | H21: 256 | I21: 45000 | J21: USA | K21: America
A22: Tesla | B22: Cybertruck Tri Motor | C22: 2024 | D22: 3000 | E22: 210 | F22: 750 | G22: 3 | H22: 267 | I22: 75000 | J22: USA | K22: America
A23: Honda | B23: e | C23: =_xlfn.XLOOKUP($B23,Sheet2!$B:$B,Sheet2!$C:$C) -> 2020 | D23: 1514 | E23: 145 | F23: 170 | G23: 9.5 | H23: 168 | I23: 32997 | J23: Japan | K23: Asia
A24: Honda | B24: e Advance | C24: =_xlfn.XLOOKUP($B24,Sheet2!$B:$B,Sheet2!$C:$C) -> 2020 | D24: 1543 | E24: 145 | F24: 170 | G24: 8.3 | H24: 168 | I24: 35921 | J24: Japan | K24: Asia
A25: Peugeot | B25: e-2008 SUV | C25: =_xlfn.XLOOKUP($B25,Sheet2!$B:$B,Sheet2!$C:$C) -> 2020 | D25: 1548 | E25: 150 | F25: 250 | G25: 8.5 | H25: 180 | I25: 34361 | J25: France | K25: Europe
A26: Peugeot | B26: e-208 | C26: =_xlfn.XLOOKUP($B26,Sheet2!$B:$B,Sheet2!$C:$C) -> 2019 | D26: 1455 | E26: 150 | F26: 275 | G26: 8.1 | H26: 164 | I26: 29682 | J26: France | K26: Europe
A27: Citroen | B27: e-C4 | C27: =_xlfn.XLOOKUP($B27,Sheet2!$B:$B,Sheet2!$C:$C) -> 2020 | D27: 1541 | E27: 150 | F27: 250 | G27: 9.7 | H27: 180 | I27: 40000 | J27: France | K27: Europe
A28: Volkswagen | B28: e-Golf | C28: =_xlfn.XLOOKUP($B28,Sheet2!$B:$B,Sheet2!$C:$C) -> 2014 | D28: 1585 | E28: 150 | F28: 190 | G28: 9.6 | H28: 168 | I28: 31900 | J28: Germany | K28: Europe
A29: Kia | B29: e-Niro 39 kWh | C29: =_xlfn.XLOOKUP($B29,Sheet2!$B:$B,Sheet2!$C:$C) -> 2018 | D29: 1750 | E29: 155 | F29: 235 | G29: 9.8 | H29: 167 | I29: 34400 | J29: South Korea | K29: Asia
A30: Kia | B30: e-Niro 64 kWh | C30: =_xlfn.XLOOKUP($B30,Sheet2!$B:$B,Sheet2!$C:$C) -> 2018 | D30: 1812 | E30: 167 | F30: 370 | G30: 7.8 | H30: 173 | I30: 38105 | J30: South Korea | K30: Asia
A31: Nissan | B31: e-NV200 Evalia | C31: =_xlfn.XLOOKUP($B31,Sheet2!$B:$B,Sheet2!$C:$C) -> 2014 | D31: 1551 | E31: 123 | F31: 190 | G31: 14 | H31: 200 | I31: 33246 | J31: Japan | K31: Asia
A32: Kia | B32: e-Soul 39 kWh | C32: =_xlfn.XLOOKUP($B32,Sheet2!$B:$B,Sheet2!$C:$C) -> 2019 | D32: 1723 | E32: 157 | F32: 230 | G32: 9.9 | H32: 170 | I32: 33133 | J32: South Korea | K32: Asia
A33: Kia | B33: e-Soul 64 kWh | C33: =_xlfn.XLOOKUP($B33,Sheet2!$B:$B,Sheet2!$C:$C) -> 2019 | D33: 1757 | E33: 167 | F33: 365 | G33: 7.9 | H33: 175 | I33: 36837 | J33: South Korea | K33: Asia
A34: Audi | B34: e-tron 50 quattro | C34: =_xlfn.XLOOKUP($B34,Sheet2!$B:$B,Sheet2!$C:$C) -> 2019 | D34: 2565 | E34: 190 | F34: 280 | G34: 6.8 | H34: 231 | I34: 67358 | J34: Germany | K34: Europe
... A51: Mercedes | B51: EQA | C51: =_xlfn.XLOOKUP($B51,Sheet2!$B:$B,Sheet2!$C:$C) -> 2021 | D51: 2040 | E51: 200 | F51: 350 | G51: 5 | H51: 171 | I51: 45000 | J51: Germany | K51: Europe
A52: Mercedes-Benz | B52: EQB | C52: 2022 | D52: 2160 | E52: 160 | F52: 423 | G52: 6.2 | H52: 200 | I52: 55000 | J52: Germany | K52: Europe
A53: Mercedes | B53: EQC 400 4MATIC | C53: =_xlfn.XLOOKUP($B53,Sheet2!$B:$B,Sheet2!$C:$C) -> 2019 | D53: 2495 | E53: 180 | F53: 370 | G53: 5.1 | H53: 216 | I53: 69484 | J53: Germany | K53: Europe
A54: Mercedes | B54: EQE SUV | C54: 2023 | D54: 2605 | E54: 210 | F54: 560 | G54: 4.9 | H54: 180 | I54: 76000 | J54: Germany | K54: Europe
A55: Mercedes | B55: EQV 300 Long | C55: =_xlfn.XLOOKUP($B55,Sheet2!$B:$B,Sheet2!$C:$C) -> 2020 | D55: 3170 | E55: 140 | F55: 330 | G55: 10 | H55: 273 | I55: 70631 | J55: Germany | K55: Europe
A56: Kia | B56: EV9 | C56: 2023 | D56: 2500 | E56: 185 | F56: 500 | G56: 5.2 | H56: 200 | I56: 70000 | J56: South Korea | K56: Asia
A57: Jaguar | B57: I-Pace | C57: =_xlfn.XLOOKUP($B57,Sheet2!$B:$B,Sheet2!$C:$C) -> 2018 | D57: 2208 | E57: 200 | F57: 365 | G57: 4.8 | H57: 232 | I57: 75351 | J57: UK | K57: Europe
A58: BMW | B58: i3 120 Ah | C58: =_xlfn.XLOOKUP($B58,Sheet2!$B:$B,Sheet2!$C:$C) -> 2018 | D58: 1365 | E58: 150 | F58: 235 | G58: 7.3 | H58: 161 | I58: 38017 | J58: Germany | K58: Europe
A59: BMW | B59: i3s 120 Ah | C59: =_xlfn.XLOOKUP($B59,Sheet2!$B:$B,Sheet2!$C:$C) -> 2018 | D59: 1345 | E59: 160 | F59: 230 | G59: 6.9 | H59: 165 | I59: 41526 | J59: Germany | K59: Europe
A60: BMW | B60: i4 | C60: =_xlfn.XLOOKUP($B60,Sheet2!$B:$B,Sheet2!$C:$C) -> 2021 | D60: 2290 | E60: 200 | F60: 450 | G60: 4 | H60: 178 | I60: 65000 | J60: Germany | K60: Europe
A61: BMW | B61: i4 | C61: 2022 | D61: 2290 | E61: 190 | F61: 520 | G61: 3.9 | H61: 180 | I61: 58300 | J61: Germany | K61: Europe
A62: BMW | B62: i7 | C62: 2023 | D62: 2675 | E62: 240 | F62: 625 | G62: 4.7 | H62: 206 | I62: 135000 | J62: Germany | K62: Europe
A63: Volkswagen | B63: ID.3 1st | C63: =_xlfn.XLOOKUP($B63,Sheet2!$B:$B,Sheet2!$C:$C) -> 2020 | D63: 1719 | E63: 160 | F63: 340 | G63: 7.3 | H63: 171 | I63: 38987 | J63: Germany | K63: Europe
A64: Volkswagen | B64: ID.3 Pro | C64: =_xlfn.XLOOKUP($B64,Sheet2!$B:$B,Sheet2!$C:$C) -> 2020 | D64: 1720 | E64: 160 | F64: 350 | G64: 9 | H64: 166 | I64: 33000 | J64: Germany | K64: Europe
A65: Volkswagen | B65: ID.3 Pro Performance | C65: =_xlfn.XLOOKUP($B65,Sheet2!$B:$B,Sheet2!$C:$C) -> 2020 | D65: 1720 | E65: 160 | F65: 340 | G65: 7.3 | H65: 171 | I65: 35575 | J65: Germany | K65: Europe
A66: Volkswagen | B66: ID.3 Pro S | C66: =_xlfn.XLOOKUP($B66,Sheet2!$B:$B,Sheet2!$C:$C) -> 2020 | D66: 1945 | E66: 160 | F66: 440 | G66: 7.9 | H66: 175 | I66: 40936 | J66: Germany | K66: Europe
A67: Volkswagen | B67: ID.3 Pure | C67: =_xlfn.XLOOKUP($B67,Sheet2!$B:$B,Sheet2!$C:$C) -> 2020 | D67: 1719 | E67: 160 | F67: 270 | G67: 10 | H67: 167 | I67: 30000 | J67: Germany | K67: Europe
A68: Volkswagen | B68: ID.4 | C68: =_xlfn.XLOOKUP($B68,Sheet2!$B:$B,Sheet2!$C:$C) -> 2020 | D68: 2108 | E68: 160 | F68: 420 | G68: 7.5 | H68: 183 | I68: 45000 | J68: Germany | K68: Europe
A69: Volkswagen | B69: ID.7 | C69: 2023 | D69: 2100 | E69: 180 | F69: 700 | G69: 5 | H69: 157 | I69: 55000 | J69: Germany | K69: Europe
A70: Hyundai | B70: Ioniq 5 | C70: 2022 | D70: 2015 | E70: 185 | F70: 481 | G70: 5.2 | H70: 190 | I70: 46000 | J70: South Korea | K70: Asia
A71: Hyundai | B71: Ioniq 6 | C71: 2023 | D71: 2010 | E71: 185 | F71: 614 | G71: 5.1 | H71: 160 | I71: 47000 | J71: South Korea | K71: Asia
A72: Hyundai | B72: IONIQ Electric | C72: =_xlfn.XLOOKUP($B72,Sheet2!$B:$B,Sheet2!$C:$C) -> 2016 | D72: 1529 | E72: 165 | F72: 250 | G72: 9.7 | H72: 153 | I72: 34459 | J72: South Korea | K72: Asia
A73: BMW | B73: iX | C73: 2022 | D73: 2510 | E73: 200 | F73: 630 | G73: 4.6 | H73: 196 | I73: 77300 | J73: Germany | K73: Europe
A74: BMW | B74: iX3 | C74: =_xlfn.XLOOKUP($B74,Sheet2!$B:$B,Sheet2!$C:$C) -> 2020 | D74: 2260 | E74: 180 | F74: 360 | G74: 6.8 | H74: 206 | I74: 68040 | J74: Germany | K74: Europe
A75: Renault | B75: Kangoo Maxi ZE 33 | C75: =_xlfn.XLOOKUP($B75,Sheet2!$B:$B,Sheet2!$C:$C) -> 2017 | D75: 1588 | E75: 130 | F75: 160 | G75: 22.4 | H75: 194 | I75: 38000 | J75: France | K75: Europe
A76: Hyundai | B76: Kona Electric 39 kWh | C76: =_xlfn.XLOOKUP($B76,Sheet2!$B:$B,Sheet2!$C:$C) -> 2018 | D76: 1535 | E76: 155 | F76: 255 | G76: 9.9 | H76: 154 | I76: 33971 | J76: South Korea | K76: Asia
A77: Hyundai | B77: Kona Electric 64 kWh | C77: =_xlfn.XLOOKUP($B77,Sheet2!$B:$B,Sheet2!$C:$C) -> 2018 | D77: 1735 | E77: 167 | F77: 400 | G77: 7.9 | H77: 160 | I77: 40795 | J77: South Korea | K77: Asia
A78: Nissan | B78: Leaf | C78: =_xlfn.XLOOKUP($B78,Sheet2!$B:$B,Sheet2!$C:$C) -> 2010 | D78: 1580 | E78: 144 | F78: 220 | G78: 7.9 | H78: 164 | I78: 29234 | J78: Japan | K78: Asia
A79: Nissan | B79: Leaf e+ | C79: =_xlfn.XLOOKUP($B79,Sheet2!$B:$B,Sheet2!$C:$C) -> 2019 | D79: 1735 | E79: 157 | F79: 325 | G79: 7.3 | H79: 172 | I79: 37237 | J79: Japan | K79: Asia
A80: Cadillac | B80: Lyriq | C80: 2022 | D80: 2544 | E80: 190 | F80: 502 | G80: 4.6 | H80: 197 | I80: 60000 | J80: USA | K80: America
A81: Byton | B81: M-Byte 95 kWh 4WD | C81: 2024 | D81: 2400 | E81: 190 | F81: 390 | G81: 5.5 | H81: 244 | I81: 64000 | J81: China | K81: Asia
A82: SEAT | B82: Mii Electric | C82: =_xlfn.XLOOKUP($B82,Sheet2!$B:$B,Sheet2!$C:$C) -> 2019 | D82: 1235 | E82: 130 | F82: 195 | G82: 12.3 | H82: 166 | I82: 20129 | J82: Spain | K82: Europe
A83: Tesla | B83: Model 3 Long Range Dual Motor | C83: =_xlfn.XLOOKUP($B83,Sheet2!$B:$B,Sheet2!$C:$C) -> 2018 | D83: 1828 | E83: 233 | F83: 450 | G83: 4.6 | H83: 161 | I83: 55480 | J83: USA | K83: America
A84: Tesla | B84: Model 3 Long Range Performance | C84: =_xlfn.XLOOKUP($B84,Sheet2!$B:$B,Sheet2!$C:$C) -> 2018 | D84: 1841 | E84: 261 | F84: 435 | G84: 3.4 | H84: 167 | I84: 61480 | J84: USA | K84: America
A85: Tesla | B85: Model 3 Standard Range Plus | C85: =_xlfn.XLOOKUP($B85,Sheet2!$B:$B,Sheet2!$C:$C) -> 2019 | D85: 1611 | E85: 225 | F85: 310 | G85: 5.6 | H85: 153 | I85: 46380 | J85: USA | K85: America
A86: Tesla | B86: Model S Long Range | C86: =_xlfn.XLOOKUP($B86,Sheet2!$B:$B,Sheet2!$C:$C) -> 2021 | D86: 2162 | E86: 250 | F86: 515 | G86: 3.8 | H86: 184 | I86: 79990 | J86: USA | K86: America
A87: Tesla | B87: Model S Performance | C87: =_xlfn.XLOOKUP($B87,Sheet2!$B:$B,Sheet2!$C:$C) -> 2021 | D87: 2241 | E87: 261 | F87: 505 | G87: 2.5 | H87: 188 | I87: 96990 | J87: USA | K87: America
A88: Tesla | B88: Model X Long Range | C88: =_xlfn.XLOOKUP($B88,Sheet2!$B:$B,Sheet2!$C:$C) -> 2016 | D88: 2459 | E88: 250 | F88: 450 | G88: 4.6 | H88: 211 | I88: 85990 | J88: USA | K88: America
A89: Tesla | B89: Model X Performance | C89: =_xlfn.XLOOKUP($B89,Sheet2!$B:$B,Sheet2!$C:$C) -> 2021 | D89: 2539 | E89: 250 | F89: 440 | G89: 2.8 | H89: 216 | I89: 102990 | J89: USA | K89: America
A90: Tesla | B90: Model Y Long Range Dual Motor | C90: =_xlfn.XLOOKUP($B90,Sheet2!$B:$B,Sheet2!$C:$C) -> 2020 | D90: 1935 | E90: 217 | F90: 425 | G90: 5.1 | H90: 171 | I90: 58620 | J90: USA | K90: America
A91: Tesla | B91: Model Y Long Range Performance | C91: =_xlfn.XLOOKUP($B91,Sheet2!$B:$B,Sheet2!$C:$C) -> 2020 | D91: 2003 | E91: 241 | F91: 410 | G91: 3.7 | H91: 177 | I91: 65620 | J91: USA | K91: America
A92: Opel | B92: Mokka-e | C92: =_xlfn.XLOOKUP($B92,Sheet2!$B:$B,Sheet2!$C:$C) -> 2020 | D92: 1598 | E92: 150 | F92: 255 | G92: 8.5 | H92: 176 | I92: 35000 | J92: Germany | K92: Europe
A93: Lucid | B93: Motors Gravity | C93: 2023 | D93: 2500 | E93: 250 | F93: 653 | G93: 3.1 | H93: 160 | I93: 90000 | J93: USA | K93: America
A94: Ford | B94: Mustang Mach-E ER AWD | C94: =_xlfn.XLOOKUP($B94,Sheet2!$B:$B,Sheet2!$C:$C) -> 2020 | D94: 2273 | E94: 180 | F94: 430 | G94: 6 | H94: 209 | I94: 62900 | J94: USA | K94: America
A95: Ford | B95: Mustang Mach-E ER RWD | C95: =_xlfn.XLOOKUP($B95,Sheet2!$B:$B,Sheet2!$C:$C) -> 2020 | D95: 2198 | E95: 180 | F95: 450 | G95: 7 | H95: 200 | I95: 54475 | J95: USA | K95: America
A96: Ford | B96: Mustang Mach-E SR AWD | C96: =_xlfn.XLOOKUP($B96,Sheet2!$B:$B,Sheet2!$C:$C) -> 2020 | D96: 2195 | E96: 180 | F96: 340 | G96: 6 | H96: 206 | I96: 54000 | J96: USA | K96: America
A97: Ford | B97: Mustang Mach-E SR RWD | C97: =_xlfn.XLOOKUP($B97,Sheet2!$B:$B,Sheet2!$C:$C) -> 2020 | D97: 2182 | E97: 180 | F97: 360 | G97: 6.6 | H97: 194 | I97: 46900 | J97: USA | K97: America
A98: Mazda | B98: MX-30 | C98: =_xlfn.XLOOKUP($B98,Sheet2!$B:$B,Sheet2!$C:$C) -> 2020 | D98: 1645 | E98: 150 | F98: 180 | G98: 9 | H98: 178 | I98: 32646 | J98: Japan | K98: Asia
A99: Kia | B99: Niro EV (2022 Edition) | C99: 2022 | D99: 1812 | E99: 167 | F99: 463 | G99: 7.8 | H99: 159 | I99: 42000 | J99: South Korea | K99: Asia
A100: Lightyear | B100: One | C100: 2024 | D100: 1575 | E100: 150 | F100: 575 | G100: 10 | H100: 104 | I100: 149000 | J100: Netherland | K100: Europe
A101: Audi | B101: Q4 e-tron | C101: =_xlfn.XLOOKUP($B101,Sheet2!$B:$B,Sheet2!$C:$C) -> 2021 | D101: 2135 | E101: 180 | F101: 400 | G101: 6.3 | H101: 193 | I101: 55000 | J101: Germany | K101: Europe
A102: Audi | B102: Q4 Sportback e-tron | C102: =_xlfn.XLOOKUP($B102,Sheet2!$B:$B,Sheet2!$C:$C) -> 2021 | D102: 2135 | E102: 180 | F102: 410 | G102: 6.3 | H102: 188 | I102: 57500 | J102: Germany | K102: Europe
A103: Rivian | B103: R1S | C103: 2022 | D103: 3180 | E103: 200 | F103: 514 | G103: 3 | H103: 270 | I103: 72000 | J103: USA | K103: America
A104: Tesla | B104: Roadster | C104: 2024 | D104: 1975 | E104: 410 | F104: 970 | G104: 2.1 | H104: 206 | I104: 215000 | J104: USA | K104: America
A105: Sono | B105: Sion | C105: =_xlfn.XLOOKUP($B105,Sheet2!$B:$B,Sheet2!$C:$C) -> 2024 | D105: 1730 | E105: 140 | F105: 225 | G105: 9 | H105: 156 | I105: 25500 | J105: Germany | K105: Europe
A106: Subaru | B106: Solterra | C106: 2022 | D106: 2020 | E106: 160 | F106: 460 | G106: 7.4 | H106: 180 | I106: 45000 | J106: Japan | K106: Asia
A107: Porsche | B107: Taycan 4S | C107: =_xlfn.XLOOKUP($B107,Sheet2!$B:$B,Sheet2!$C:$C) -> 2019 | D107: 2140 | E107: 250 | F107: 365 | G107: 4 | H107: 195 | I107: 102945 | J107: Germany | K107: Europe
A108: Porsche | B108: Taycan 4S Plus | C108: =_xlfn.XLOOKUP($B108,Sheet2!$B:$B,Sheet2!$C:$C) -> 2019 | D108: 2140 | E108: 250 | F108: 425 | G108: 4 | H108: 197 | I108: 109302 | J108: Germany | K108: Europe
A109: Porsche | B109: Taycan Cross Turismo | C109: =_xlfn.XLOOKUP($B109,Sheet2!$B:$B,Sheet2!$C:$C) -> 2021 | D109: 2320 | E109: 250 | F109: 385 | G109: 3.5 | H109: 217 | I109: 150000 | J109: Germany | K109: Europe
A110: Porsche | B110: Taycan Turbo | C110: =_xlfn.XLOOKUP($B110,Sheet2!$B:$B,Sheet2!$C:$C) -> 2019 | D110: 2295 | E110: 260 | F110: 390 | G110: 3.2 | H110: 215 | I110: 148301 | J110: Germany | K110: Europe
A111: Porsche | B111: Taycan Turbo S | C111: =_xlfn.XLOOKUP($B111,Sheet2!$B:$B,Sheet2!$C:$C) -> 2019 | D111: 2295 | E111: 260 | F111: 375 | G111: 2.8 | H111: 223 | I111: 180781 | J111: Germany | K111: Europe
A112: Renault | B112: Twingo ZE | C112: =_xlfn.XLOOKUP($B112,Sheet2!$B:$B,Sheet2!$C:$C) -> 2020 | D112: 1111 | E112: 135 | F112: 130 | G112: 12.6 | H112: 164 | I112: 24790 | J112: France | K112: Europe
A113: Aiways | B113: U5 | C113: =_xlfn.XLOOKUP($B113,Sheet2!$B:$B,Sheet2!$C:$C) -> 2020 | D113: 1720 | E113: 150 | F113: 335 | G113: 9 | H113: 188 | I113: 36057 | J113: China | K113: Asia
A114: Lexus | B114: UX 300e | C114: =_xlfn.XLOOKUP($B114,Sheet2!$B:$B,Sheet2!$C:$C) -> 2020 | D114: 1840 | E114: 160 | F114: 270 | G114: 7.5 | H114: 193 | I114: 50000 | J114: Japan | K114: Asia
A115: Volvo | B115: XC40 P8 AWD Recharge | C115: =_xlfn.XLOOKUP($B115,Sheet2!$B:$B,Sheet2!$C:$C) -> 2020 | D115: 2215 | E115: 180 | F115: 375 | G115: 4.9 | H115: 200 | I115: 60437 | J115: Sweden | K115: Europe
A116: Renault | B116: Zoe ZE40 R110 | C116: =_xlfn.XLOOKUP($B116,Sheet2!$B:$B,Sheet2!$C:$C) -> 2017 | D116: 1480 | E116: 135 | F116: 255 | G116: 11.4 | H116: 161 | I116: 29234 | J116: France | K116: Europe
...

Sheet Sheet2
A1: Tesla | B1: Model 3 Long Range Dual Motor | C1: 2018
A2: Volkswagen | B2: ID.3 Pure | C2: 2020
A3: Polestar | B3: 2 | C3: 2020
A4: BMW | B4: iX3 | C4: 2020
A5: Honda | B5: e | C5: 2020
A6: Lucid | B6: Air | C6: 2021
A7: Volkswagen | B7: e-Golf | C7: 2014
A8: Peugeot | B8: e-208 | C8: 2019
A9: Tesla | B9: Model 3 Standard Range Plus | C9: 2019
A10: Audi | B10: Q4 e-tron | C10: 2021
A11: Mercedes | B11: EQC 400 4MATIC | C11: 2019
A12: Nissan | B12: Leaf | C12: 2010
A13: Hyundai | B13: Kona Electric 64 kWh | C13: 2018
A14: BMW | B14: i4 | C14: 2021
A15: Hyundai | B15: IONIQ Electric | C15: 2016
... A33: Renault | B33: Zoe ZE50 R110 | C33: 2019
A34: Tesla | B34: Cybertruck Tri Motor | C34: Expected in 2024
A35: Mazda | B35: MX-30 | C35: 2020
A36: Nissan | B36: Leaf e+ | C36: 2019
A37: Lexus | B37: UX 300e | C37: 2020
A38: CUPRA | B38: el-Born | C38: 2021
A39: Renault | B39: Zoe ZE50 R135 | C39: 2019
A40: Mercedes | B40: EQA | C40: 2021
A41: Tesla | B41: Model S Long Range | C41: 2021
A42: Hyundai | B42: Kona Electric 39 kWh | C42: 2018
A43: Audi | B43: e-tron Sportback 55 quattro | C43: 2020
A44: Skoda | B44: CITIGOe iV | C44: 2019
A45: SEAT | B45: Mii Electric | C45: 2019
A46: Kia | B46: e-Soul 64 kWh | C46: 2019
... A48: Porsche | B48: Taycan 4S | C48: 2019
A49: Lightyear | B49: One | C49: Expected in 2024
A50: Aiways | B50: U5 | C50: 2020
A51: Audi | B51: e-tron 55 quattro | C51: 2019
A52: Tesla | B52: Roadster | C52: Expected in 2024
A53: Opel | B53: Mokka-e | C53: 2020
A54: Skoda | B54: Enyaq iV 80 | C54: 2020
A55: Tesla | B55: Model X Long Range | C55: 2016
A56: Honda | B56: e Advance | C56: 2020
A57: DS | B57: 3 Crossback E-Tense | C57: 2019
A58: Renault | B58: Twingo ZE | C58: 2020
A59: Citroen | B59: e-C4 | C59: 2020
A60: Tesla | B60: Model S Performance | C60: 2021
A61: Renault | B61: Zoe ZE40 R110 | C61: 2017
A62: Tesla | B62: Model Y Long Range Performance | C62: 2020
A63: Nissan | B63: Ariya 87kWh | C63: 2021
A64: Jaguar | B64: I-Pace | C64: 2018
... A73: Porsche | B73: Taycan Cross Turismo | C73: 2021
A74: Byton | B74: M-Byte 95 kWh 4WD | C74: N/A
A75: Sono | B75: Sion | C75: 2024
A76: Kia | B76: e-Niro 39 kWh | C76: 2018
A77: Audi | B77: Q4 Sportback e-tron | C77: 2021
A78: Smart | B78: EQ forfour | C78: 2017
A79: Ford | B79: Mustang Mach-E SR AWD | C79: 2020
A80: Porsche | B80: Taycan Turbo | C80: 2019
A81: Volkswagen | B81: ID.3 1st | C81: 2020
A82: Tesla | B82: Model X Performance | C82: 2021
A83: Smart | B83: EQ fortwo coupe | C83: 2016
A84: Ford | B84: Mustang Mach-E SR RWD | C84: 2020
A85: Mercedes | B85: EQV 300 Long | C85: 2020
A86: Fiat | B86: 500e Hatchback | C86: 2020
... A97: Kia | B97: e-Soul 39 kWh | C97: 2019
A98: Byton | B98: M-Byte 72 kWh 2WD | C98: N/A
A99: Nissan | B99: Ariya 63kWh | C99: 2021
A100: Audi | B100: e-tron S Sportback 55 quattro | C100: 2020
A101: Nissan | B101: Ariya e-4ORCE 63kWh | C101: 2021
A102: Nissan | B102: Ariya e-4ORCE 87kWh Performance | C102: 2021
